-- MySQL dump 10.13  Distrib 8.0.21, for Win64 (x86_64)
--
-- Host: localhost    Database: citymanager
-- ------------------------------------------------------
-- Server version	8.0.21

/*!40101 SET @OLD_CHARACTER_SET_CLIENT=@@CHARACTER_SET_CLIENT */;
/*!40101 SET @OLD_CHARACTER_SET_RESULTS=@@CHARACTER_SET_RESULTS */;
/*!40101 SET @OLD_COLLATION_CONNECTION=@@COLLATION_CONNECTION */;
/*!50503 SET NAMES utf8 */;
/*!40103 SET @OLD_TIME_ZONE=@@TIME_ZONE */;
/*!40103 SET TIME_ZONE='+00:00' */;
/*!40014 SET @OLD_UNIQUE_CHECKS=@@UNIQUE_CHECKS, UNIQUE_CHECKS=0 */;
/*!40014 SET @OLD_FOREIGN_KEY_CHECKS=@@FOREIGN_KEY_CHECKS, FOREIGN_KEY_CHECKS=0 */;
/*!40101 SET @OLD_SQL_MODE=@@SQL_MODE, SQL_MODE='NO_AUTO_VALUE_ON_ZERO' */;
/*!40111 SET @OLD_SQL_NOTES=@@SQL_NOTES, SQL_NOTES=0 */;

--
-- Table structure for table `city`
--

DROP TABLE IF EXISTS `city`;
/*!40101 SET @saved_cs_client     = @@character_set_client */;
/*!50503 SET character_set_client = utf8mb4 */;
CREATE TABLE `city` (
  `id` int NOT NULL,
  `description` longtext,
  `area` bigint DEFAULT NULL,
  `city_name` varchar(255) DEFAULT NULL,
  `gdp` double DEFAULT NULL,
  `population` double DEFAULT NULL,
  `nation_id` int DEFAULT NULL,
  PRIMARY KEY (`id`),
  KEY `FKpo4o6sh0v945usqn6yhk26y8s` (`nation_id`)
) ENGINE=MyISAM DEFAULT CHARSET=utf8mb4 COLLATE=utf8mb4_0900_ai_ci;
/*!40101 SET character_set_client = @saved_cs_client */;

--
-- Dumping data for table `city`
--

LOCK TABLES `city` WRITE;
/*!40000 ALTER TABLE `city` DISABLE KEYS */;
INSERT INTO `city` VALUES (1,'Hà Nội là thủ đô của nước Cộng hòa Xã hội chủ nghĩa Việt Nam, cũng là kinh đô của hầu hết các vương triều phong kiến tại Việt Nam trước đây. Do đó, lịch sử Hà Nội gắn liền với sự thăng trầm của lịch sử Việt Nam qua các thời kỳ.[4] Hà Nội là thành phố trực thuộc trung ương có diện tích lớn nhất cả nước từ khi tỉnh Hà Tây sáp nhập vào, đồng thời cũng là địa phương đứng thứ nhì về dân số với hơn 8 triệu người (năm 2019), tuy nhiên, nếu tính những người cư trú không đăng ký thì dân số thực tế của thành phố này năm 2019 là gần 10 triệu người. Mật độ dân số của Hà Nội là 2.398 người/km², mật độ giao thông là 105,2 xe/km² mặt đường. Hiện nay, Hà Nội là một đô thị loại đặc biệt của Việt Nam.\r\n\r\nNăm 2019, Hà Nội là đơn vị hành chính Việt Nam xếp thứ 2 về Tổng sản phẩm trên địa bàn (GRDP), xếp thứ 8 về GRDP bình quân đầu người, đứng thứ 41 về tốc độ tăng trưởng GRDP. GRDP đạt 971.700 tỉ Đồng (tương ứng với 41,85 tỉ USD), GRDP bình quân đầu người đạt 120,6 triệu đồng (tương ứng với 5200 USD), tốc độ tăng trưởng GRDP đạt 7,62%.[5]\r\n\r\nHà Nội nằm giữa[6] đồng bằng sông Hồng trù phú, nơi đây đã sớm trở thành một trung tâm chính trị, kinh tế và văn hóa ngay từ những buổi đầu của lịch sử Việt Nam. Năm 1010, vua Lý Thái Tổ, vị hoàng đế đầu tiên của nhà Lý, quyết định xây dựng kinh đô mới ở vùng đất này với cái tên Thăng Long. Trong suốt thời kỳ của các triều đại Lý, Trần, Lê, Mạc, kinh thành Thăng Long là trung tâm văn hóa, giáo dục và buôn bán của cả nước. Khi Tây Sơn rồi nhà Nguyễn lên nắm quyền trị vì, kinh đô được chuyển về Huế và Thăng Long bắt đầu mang tên Hà Nội từ năm 1831, dưới thời vua Minh Mạng.\r\n\r\nNăm 1902, Hà Nội trở thành thủ đô của Liên bang Đông Dương và được người Pháp xây dựng, quy hoạch lại, được mệnh danh là Tiểu Paris phương Đông thời bấy giờ. Trong thời kỳ chiến tranh Việt Nam, Hà Nội là thủ đô của Việt Nam Dân chủ Cộng hòa và sau khi thống nhất tiếp tục là thủ đô của nước Cộng hòa Xã hội chủ nghĩa Việt Nam hiện nay. Đó là thủ đô của Đông Dương thuộc Pháp 1887-1946 và của miền Bắc Việt Nam trước khi thống nhất miền Bắc và miền Nam Việt Nam.\r\n\r\nSau đợt mở rộng địa giới hành chính vào tháng 8 năm 2008, Hà Nội hiện nay gồm 12 quận, 1 thị xã và 17 huyện ngoại thành. Hiện nay, Hà Nội và Thành phố Hồ Chí Minh là hai trung tâm kinh tế - xã hội đặc biệt quan trọng của Việt Nam.\r\n\r\nHà Nội được UNESCO trao tặng danh hiệu “Thành phố vì hòa bình” vào ngày 16 tháng 7 năm 1999.',3359,'Hà Nội',120,10,1),(12,'Thanh Hóa là một tỉnh lớn về cả diện tích và dân số, đứng thứ 5 về diện tích và thứ 3 về dân số trong số các đơn vị hành chính tỉnh trực thuộc nhà nước, cũng là một trong những địa điểm sinh sống đầu tiên của người Việt cổ.\r\n\r\nCách đây khoảng 6.000 năm đã có người sinh sống tại Thanh Hóa. Các di chỉ khảo cổ cho thấy nền văn hóa xuất hiện đầu tiên tại đây là văn hóa Đa Bút. Sang đầu thời đại kim khí, thuộc thời đại đồ đồng, qua các bước phát triển với các giai đoạn trước văn hóa Đông Sơn, Thanh Hóa đã trải qua một tiến trình phát triển với các giai đoạn văn hoá: Cồn Chân Tiên, Đông Khối - Quỳ Chữ tương đương với các văn hóa Phùng Nguyên - Đồng Đậu - Gò Mun ở lưu vực sông Hồng. Và sau đó là nền văn minh Văn Lang cách đây hơn 2.000 năm, văn hoá Đông Sơn ở Thanh Hóa đã phát triển rực rỡ.[5]\r\n\r\nThanh Hóa là tỉnh chuyển tiếp giữa miền Bắc và miền Trung Việt Nam trên nhiều phương diện. Về hành chính, Thanh Hóa là tỉnh cực bắc Trung Bộ, tiếp giáp với Tây Bắc Bộ và đồng bằng Bắc Bộ. Về địa chất, miền núi Thanh Hóa là sự nối dài của Tây Bắc Bộ trong khi đồng bằng Thanh Hóa là đồng bằng lớn nhất Trung Bộ, ngoài ra một phần nhỏ (phía bắc huyện Nga Sơn) thuộc đồng bằng châu thổ sông Hồng. Về khí hậu, Thanh Hóa vừa có kiểu khí hậu của miền Bắc lại vừa mang những hình thái khí hậu của miền Trung. Về ngôn ngữ, phần lớn người dân nói phương ngữ Thanh Hóa với vốn từ vựng khá giống từ vựng của phương ngữ Nghệ Tĩnh song âm vực lại khá gần với phương ngữ Bắc Bộ.\r\n\r\nThanh Hóa bao gồm 2 thành phố trực thuộc tỉnh, 2 thị xã và 23 huyện, với diện tích 11.133,4 km² và số dân 3.712.600 người với 7 dân tộc Kinh, Mường, Thái, H\'mông, Dao, Thổ, Khơ-mú[6], trong đó có khoảng 855.000 người sống ở thành thị.[7] Năm 2005, Thanh Hóa có 2,16 triệu người trong độ tuổi lao động, chiếm tỷ lệ 58,8% dân số toàn tỉnh, lao động đã qua đào tạo chiếm 27%, trong đó lao động có trình độ cao đẳng, đại học trở lên chiếm 5,4%[5].',11121,'Thanh Hoá',41.1,3.6,1),(11,'Bắc Kinh (tiếng Trung: 北京; bính âm: Běijīng, Phát âm tiếng Trung: [peɪ˨˩ t͡ɕiŋ˥] Về âm thanh nàynghe (trợ giúp·thông tin)), là thủ đô của nước Cộng hòa Nhân dân Trung Hoa. Thành phố nằm ở miền Hoa Bắc, và là một trực hạt thị dưới quyền chính phủ Trung ương, với 14 quận nội thị và cận nội thị cùng hai huyện nông thôn. Bao quanh hầu hết Bắc Kinh là tỉnh Hà Bắc, trong khi Thiên Tân giáp với Bắc Kinh ở phía đông nam.[3]\r\n\r\nBắc Kinh là thành phố lớn thứ hai Trung Quốc nếu xét theo số dân đô thị, xếp sau Thượng Hải, là một trong số các thành phố đông dân nhất thế giới với dân số là 21.707.000 người vào năm 2017 và là trung tâm chính trị, văn hóa và giáo dục của Trung Quốc.[4] Năm 2018, Bắc Kinh là đơn vị hành chính (gồm 4 thành phố trực thuộc trung ương, 22 tỉnh, 5 khu tự tri dân tộc và 2 đặc khu hành chính) đông thứ 26 về số dân với 21,5 triệu dân và đứng thứ 12 về kinh tế Trung Quốc[5] và GDP đạt 3.032 tỉ NDT (458,2 tỉ USD) tương ứng với Áo hay Na Uy.[6] Bắc Kinh có chỉ số GDP đầu người đứng thứ nhất Trung Quốc, đạt 140.760 NDT (tương đương 21.261 USD).[7] Thành phố là nơi đặt trụ sở của hầu hết các công ty quốc hữu lớn nhất Trung Quốc, và là một đầu mối giao thông chính của các hệ thống quốc lộ, đường cao tốc, đường sắt và đường sắt cao tốc tại Trung Quốc. Sân bay quốc tế Thủ đô Bắc Kinh là sân bay bận rộn thứ hai trên thế giới theo số lượng hành khách.\r\n\r\nLịch sử của thành phố đã có từ ba thiên niên kỷ. Là kinh đô cuối cùng trong tứ đại cổ đô Trung Quốc, Bắc Kinh đã là trung tâm chính trị của quốc gia trong phần lớn thời gian suốt bảy thế kỷ qua.[8] Thành phố nổi tiếng với các cung điện sang trọng, chùa miếu, hoa viên, lăng mộ, tường và cổng thành,[9] cùng với đó, các kho tàng nghệ thuật và các trường đại học đã biến Bắc Kinh thành một trung tâm văn hóa và nghệ thuật tại Trung Quốc.[9] Chỉ có vài thành phố trên thế giới từng là trung tâm chính trị và văn hóa của một khu vực rộng lớn trong thời gian lâu đến vậy.[10]',16808,'Bắc Kinh',450,21.5,2),(13,'Luân Đôn (tiếng Anh: London; phát âm tiếng Anh: /ˈlʌndən/) là thủ đô của Anh và Vương quốc Liên hiệp Anh và Bắc Ireland, đồng thời là thành phố lớn nhất Vương quốc Liên hiệp Anh và cũng là khu vực đô thị rộng thứ hai về diện tích trong Liên minh châu Âu (EU). Luân Đôn được người La Mã lập ra 2000 năm trước đây với tên gọi đầu tiên là Londinium (Luân Đôn thuộc La Mã).[1] Trung tâm chính từ xa xưa của Luân Đôn là Thành phố Luân Đôn, hiện vẫn giữ được ranh giới rộng hàng dặm vuông từ thời Trung Cổ trên quy mô lớn. Sớm nhất cũng từ thế kỷ 19, tên gọi \"Luân Đôn\" mới được biết đến như một đô thị lớn phát triển quanh trung tâm chính.[2] Sự sáp nhập của những vùng đô thị liên hoàn tạo thành vùng Luân Đôn[3] và vùng hành chính Đại Luân Đôn,[4][note 1] do thị trưởng Luân Đôn và Hội đồng Luân Đôn điều hành thông qua đắc cử.[5]\r\n\r\nLuân Đôn là một thành phố toàn cầu, cùng với Thành phố New York là hai trung tâm kinh tế-tài chính lớn nhất thế giới.[6][7][8] và có GDP thành phố lớn nhất châu Âu.[9] Trụ sở của hầu hết 100 công ty hàng đầu Vương quốc Anh và hơn 100/500 công ty lớn nhất châu Âu nằm tại trung tâm Luân Đôn. Sự ảnh hưởng của Luân Đôn đối với chính trị, tài chính, giáo dục, giải trí, truyền thông, thời trang, nghệ thuật và văn hóa đã mang lại vị thế thành phố toàn cầu cho Luân Đôn. Đây là một điểm đến du lịch lớn đối với du khách nội địa và quốc tế. Luân Đôn đã đăng cai Thế vận hội Mùa hè 1908 và Thế vận hội Mùa hè 1948 và Thế vận hội Mùa hè 2012.[10] Luân Đôn có 4 di sản thế giới: Tháp Luân Đôn; Vườn thực vật Hoàng gia, Kew; khu vực bao gồm Cung điện Westminster, Westminster Abbey và Giáo đường St. Margaret; khu định cư lịch sử Greenwich (trong đó có Đài thiên văn Hoàng gia đánh dấu kinh tuyến 0° (Greenwich Meridian) và giờ trung bình Greenwich (GMT).[11]. Các địa danh nổi tiếng khác bao gồm Cung điện Buckingham, London Eye, Giao lộ Piccadilly, Nhà thờ St Paul, Cầu Tháp Luân Đôn, Quảng trường Trafalgar, The Shard và Bảo tàng Anh. London Underground là mạng lưới tàu điện ngầm lâu đời nhất trên thế giới.',1577,'London',500,9.7,3),(14,'São Paulo (phát âm IPA: [sɐ̃w̃ \'paw.lu]; tiếng Bồ Đào Nha đọc gần như \"Xao Pao-lô\", có nghĩa là \"Thánh Phaolô\") là thủ phủ của bang São Paulo ở phía đông nam Brasil, cách Rio de Janeiro 400 km và cách thủ đô liên bang, Brasília, 1030 km. Đây là thành phố lớn nhất của Brasil. Diện tích thành phố 1.523 km² [1] và dân số hơn 11 triệu người [2] (2006 IBGE estimate), là thành phố đông dân nhất ở Nam Bán Cầu [2] và là một Thành phố toàn cầu.\r\n\r\n19 triệu người sông ở Vùng đô thị Đại São Paulo (Região Metropolitana) khiến cho vùng đô thị này là một trong 5 vùng đô thị đông dân nhất thế giới. Nếu tính cả các vùng đô thị gần đấy vào số liệu thống kê như: Baixada Santista, São José dos Campos, Campinas, Sorocaba... thì Vùng đô thị mở rộng (Complexo Metropolitano Estendido) có gần 29 triệu dân, chỉ xếp sau vùng đô thị Tokyo với 35 triệu dân. Bang São Paulo cũng là một bang đông dân với dân số 40 triệu.\r\n\r\nDân São Paulo được gọi là paulistanos. Khẩu hiệu của thành phố là Non ducor, duco, trong tiếng Latin có nghĩa \"Tôi không bị chỉ huy, tôi mới là chỉ huy\"',34476,'São Paulob',100,15,3),(15,'Băng Cốc, (tiếng Anh: Bangkok, tiếng Thái: กรุงเทพมหานคร , Krung Thep Maha Nakhon; phiên âm: Krung Thép Ma-hả Nakhon) là thủ đô và đồng thời là thành phố đông dân nhất của Thái Lan. Bangkok có diện tích 1568,7 km2 và nằm trong châu thổ sông Chao Phraya ở miền Trung Thái Lan với dân số khoảng 8 triệu người. Nếu tính cả vùng đô thị Bangkok thì dân số của thành phố lên đến hơn 14 triệu, chiếm hơn 1/5 dân số cả nước và vượt trội hơn tất cả những vùng đô thị khác ở Thái Lan. Bangkok cũng là một trong những thành phố lớn nhất trong khu vực Đông Nam Á và châu Á.\r\n\r\nTừ 1 thị trấn nhỏ trong vương quốc Ayutthaya vào thế kỉ 15, Bangkok nhanh chóng mở rộng nhờ thương mại và trở thành nơi tọa lạc của 2 thủ đô là Thonburi vào năm 1768 và Rattanakosin năm 1782. Với vai trò thủ đô vương quốc Xiêm, Bangkok chứng kiến sự hiện đại hóa nhanh chóng của đất nước cùng những biến động chính trị lớn của Thái Lan từ thế kỉ 19 cho đến nay. Thành phố phát triển mạnh mẽ từ những năm 1960 đến 1980 và ngày nay đóng vai trò quan trọng hàng đầu về chính trị, kinh tế, giáo dục và truyền thông của nước Thái Lan hiện đại.\r\n\r\nSự bùng nổ kinh tế của khu vực Đông Nam Á những năm 1980 và 1990 đã thúc đẩy nhiều công ty đa quốc gia đặt trụ sở khu vực tại Bangkok. Bangkok hiện là một trung tâm kinh tế và tài chính trong khu vực. Thành phố đóng vai trò một điểm trung chuyển trong giao thông quốc tế và nổi lên như một đầu tàu trong lĩnh vực chăm sóc sức khỏe, nghệ thuật, thời trang và giải trí. Về du lịch, Bangkok nổi tiếng với nhịp sống về đêm sôi động và nhiều di tích lịch sử văn hóa.\r\n\r\nSự phát triển nhanh chóng của Bangkok trong quá trình phát triển và quy hoạch đô thị đã dẫn đến một cảnh quan đô thị không đồng nhất và các hệ thống cơ sở hạ tầng không đầy đủ. Các tuyến đường hạn chế, mặc dù có mạng lưới đường cao tốc rộng rãi, cùng với việc sử dụng xe hơi cá nhân cao, đã dẫn đến tắc nghẽn giao thông thường xuyên, gây ô nhiễm không khí trầm trọng vào những năm 1990. Kể từ đó Bangkok chuyển sang phương tiện giao thông công cộng nhằm nỗ lực giải quyết vấn đề lớn này. Năm tuyến đường vận chuyển nhanh hiện đang hoạt động, với nhiều hệ thống giao thông đang được chính phủ quốc gia và Cục Quản lý đô thị Bangkok xây dựng hoặc lên kế hoạch.',1569,' Bangkok',200,14,5),(16,'Hải Phòng là thành phố cảng quan trọng, trung tâm công nghiệp, cảng biển, đồng thời cũng là trung tâm kinh tế, văn hóa, y tế, giáo dục, khoa học, thương mại và công nghệ của Vùng duyên hải Bắc Bộ. Đây là 1 trong 5 thành phố trực thuộc trung ương tại Việt Nam, là đô thị loại I, trung tâm cấp vùng và cấp quốc gia cùng với Đà Nẵng, Cần Thơ.\r\n\r\nĐược thành lập vào năm 1888 khi được tách ra từ một số huyện ven biển của tỉnh Hải Dương, Hải Phòng là nơi có vị trí quan trọng về kinh tế, xã hội, công nghệ thông tin và an ninh, quốc phòng của vùng Bắc Bộ và cả nước, trên hai hành lang - một vành đai hợp tác kinh tế Việt Nam - Trung Quốc. Hải Phòng là đầu mối giao thông đường biển phía Bắc. Với lợi thế cảng nước sâu nên vận tải biển rất phát triển, đồng thời là một trong những động lực tăng trưởng của vùng kinh tế trọng điểm Bắc bộ. Là trung tâm kinh tế - khoa học - kỹ thuật tổng hợp của Vùng duyên hải Bắc Bộ và là một trong 2 trung tâm phát triển của Vùng Kinh tế trọng điểm Bắc Bộ. Hải Phòng có nhiều khu công nghiệp, thương mại lớn và trung tâm dịch vụ, du lịch, giáo dục, y tế và thủy sản của vùng duyên hải Bắc Bộ Việt Nam. Hải Phòng là một cực tăng trưởng của tam giác kinh tế trọng điểm phía Bắc gồm Hà Nội, Hải Phòng và Quảng Ninh, nằm ngoài Quy hoạch vùng thủ đô Hà Nội. Hải Phòng còn giữ vị trí tiền trạm của miền Bắc, nơi đặt trụ sở của Bộ Tư lệnh Quân khu 3, Bộ Tư lệnh Vùng 1 Hải quân và Bộ Tư lệnh Quân Chủng Hải quân Việt Nam.',1561,'Hải Phòng',114.202,2.02,1),(17,'Quảng Đông (tiếng Trung: 广东; bính âm: Guǎngdōng) là một tỉnh nằm ven bờ Biển Đông của Cộng hòa Nhân dân Trung Hoa. Quảng Đông là tỉnh đông nhất về số dân, đứng đầu về kinh tế Trung Quốc với 113 triệu dân và 9,73 nghìn tỷ NDT (1,47 nghìn tỷ USD) năm 2018.[2] Tỉnh lị của Quảng Đông là Quảng Châu, đại đô thị này cùng với trung tâm kinh tế Thâm Quyến nằm trong số các thành phố đông dân và quan trọng nhất tại Trung Quốc. Vùng châu thổ Châu Giang là khu vực siêu đô thị lớn nhất thế giới.[3]\r\n\r\nTừ năm 1989, Quảng Đông đã đứng đầu về Tổng sản phẩm nội địa (GDP) so với các đơn vị cấp tỉnh khác, xếp sau đó lần lượt là Giang Tô và Sơn Đông. Theo thống kê sơ bộ hàng năm cấp tỉnh,[4] GDP của Quảng Đông vào năm 2018 đạt 9,73 nghìn tỉ NDT, hay 1,47 nghìn tỉ USD, tương đương với quy mô của Tây Ban Nha.[5] Theo số liệu năm 2018, tiêu chí GDP bình quân đầu người ở Quảng Đông là 87.763 NDT (13.257 USD), xếp hạng tám so với các tỉnh thành khác tại đại lục Trung Quốc.[6]',180,'Quảng Đông',250,113.4,2),(18,'Vũ Hán (giản thể: 武汉; phồn thể: 武漢; bính âm: Wǔhàn; phát âm: Về âm thanh nàynghe (trợ giúp·thông tin)) là thủ phủ của tỉnh Hồ Bắc, Trung Quốc.[3] Đây là thành phố lớn nhất ở Hồ Bắc và là thành phố đông dân nhất ở miền Trung Trung Quốc,[4] với dân số hơn 11 triệu người, thành phố đông dân thứ 9 của Trung Quốc và là một trong chín thành phố trung tâm quốc gia của Trung Quốc.[5]\r\n\r\nCái tên \"Vũ Hán\" đến từ nguồn gốc lịch sử của thành phố từ sự kết hợp của Vũ Xương, Hán Khẩu và Hán Dương, được gọi chung là \"Tam thị trấn Vũ Hán\" 武汉三镇 Nó nằm ở phía đông đồng bằng Giang Hán, trên ngã ba sông Dương Tử và phụ lưu lớn nhất của nó, sông Hàn, và được gọi là \"ngã rẽ chín tỉnh\" của Trung Quốc (九省通衢).\r\n\r\nCác sự kiện lịch sử diễn ra ở Vũ Hán bao gồm Cuộc khởi nghĩa Vũ Xương, dẫn đến sự sụp đổ của triều đại nhà Thanh và thành lập Trung Hoa Dân Quốc.[6] Vũ Hán là thủ đô của Trung Quốc trong một thời gian ngắn vào năm 1927 của cánh tả của chính phủ Quốc Dân Đảng (Quốc Dân Đảng) do Uông Tinh Vệ lãnh đạo.[7] Thành phố này sau đó đóng vai trò là thủ đô thời chiến của Trung Quốc vào năm 1937 trong mười tháng trong Chiến tranh Trung-Nhật lần thứ hai.[8][9]\r\n\r\nVũ Hán ngày nay được coi là trung tâm chính trị, kinh tế, tài chính, thương mại, văn hóa và giáo dục của miền Trung Trung Quốc.[4] Đây là một trung tâm giao thông chính, với hàng chục tuyến đường sắt, đường bộ và đường cao tốc đi qua thành phố và kết nối với các thành phố lớn khác.[10] Do vai trò chính của nó trong vận tải nội địa, Vũ Hán đôi khi được các nguồn nước ngoài gọi là \" Chicago của Trung Quốc\". \"Con đường vàng\" của sông Dương Tử và phụ lưu lớn nhất của nó, sông Hán, đi qua khu vực đô thị và chia Vũ Hán thành ba quận Vũ Xương, Hán Khẩu và Hán Dương. Cầu sông Dương Tử Vũ Hán đi qua sông Dương Tử trong thành phố. Đập Tam Hiệp, nhà máy điện lớn nhất thế giới về công suất lắp đặt, nằm gần đó.',10494,'Vũ Hán',76,52.4,2),(19,'Thành phố cảng Liverpool là một di sản thế giới được UNESCO công nhận ở thành phố Liverpool, Anh. Nó bao gồm các tòa nhà và công trình lịch sử nổi tiếng nhất nằm ở sáu khu vực trung tâm thành phố Liverpool bao gồm Pier Head, Albert Dock, Khu bảo tồn đường William Brown (Khu phố văn hóa),[1] Khu bảo tồn Dock Stanley, Khu bảo tồn phố Duke/Ropewalks, Khu bảo tồn phố Castle (Khu phố thương mại).\r\n\r\nUNESCO đã nhận được đơn đề cử của Hội đồng thành phố cho sáu địa điểm trên vào tháng 1 năm 2003 và vào tháng 9 năm đó gửi ICOMOS đại diện để thực hiện một đánh giá về điều kiện và hiện trạng đối với các công trình được đề cử di sản thế giới. Trong tháng 3 năm 2004, ICOMOS khuyến nghị UNESCO công nhận Thành phố cảng Liverpool như là một di sản thế giới.[2]\r\n\r\nKhu vực đã được công nhận là di sản trong phiên họp thứ 28 của Ủy ban Di sản Thế giới vào năm 2004 theo tiêu chuẩn văn hóa ii, iii và iv. Nó được UNESCO công nhận bởi đây là \"ví dụ tiêu biểu nhất của một thương cảng tại có ảnh hưởng toàn cầu của nước Anh\".[3]\r\n\r\nVào năm 2012, di sản này đã được ghi trong Danh sách di sản thế giới bị đe dọa do việc đề xuất xây dựng dự án Liverpool Waters của thành phố. Nó là một trong hai Di sản thế giới bị đe dọa ở châu Âu (cùng với Các đài kỉ niệm thời trung cổ ở Kosovo).[4]',400,'Liverpool',300,2.54,3),(20,'Đà Nẵng là một thành phố trực thuộc trung ương, nằm trong vùng Duyên hải Nam Trung Bộ Việt Nam, là thành phố trung tâm và lớn nhất khu vực miền Trung - Tây Nguyên.\r\n\r\nThành phố Đà Nẵng là thành phố tổng hợp đa ngành, đa lĩnh vực; trung tâm chính trị - kinh tế - xã hội với vai trò là trung tâm công nghiệp, tài chính, du lịch, dịch vụ, văn hóa, giáo dục - đào tạo, y tế chất lượng cao, khoa học - công nghệ, khởi nghiệp, đổi mới sáng tạo của khu vực Miền Trung - Tây Nguyên và cả nước; trung tâm tổ chức các sự kiện tầm khu vực và quốc tế. Thành phố Đà Nẵng đóng vai trò hạt nhân, quan trọng trong Vùng kinh tế trọng điểm miền Trung, đồng thời cũng là một trong 5 thành phố trực thuộc Trung ương ở Việt Nam, đô thị loại I, trung tâm cấp quốc gia, cùng với Hải Phòng và Cần Thơ.\r\n\r\n\r\nBãi biển Mỹ Khê, được tạp chí Forbes (Mỹ) bình chọn là \"một trong sáu bãi biển quyến rũ nhất hành tinh\"\r\nĐà Nẵng nằm ở vị trí trung độ của Việt Nam, có vị trí trọng yếu cả về kinh tế - xã hội và quốc phòng - an ninh của khu vực Miền Trung - Tây Nguyên và cả nước; là đô thị biển và đầu mối giao thông rất quan trọng về đường bộ, đường sắt, đường biển và đường hàng không.[3] Trong những năm gần đây, Đà Nẵng tích cực đầu tư xây dựng cơ sở hạ tầng, cải thiện môi trường, nâng cao an sinh xã hội và được coi là \"Thành phố đáng sống nhất Việt Nam\".[4][5] Năm 2018, Đà Nẵng được chọn đại diện cho Việt Nam lọt vào Top 10 Địa điểm Tốt nhất để Sống ở Nước ngoài do Tạp chí Du lịch Live and Invest Overseas (LIO) bình chọn.[6]',1284,'Đà Nẵng',95.7,1.13,1),(21,'Thành phố Hồ Chí Minh (thường được gọi là Sài Gòn) là một trong hai thành phố lớn nhất tại Việt Nam, đồng thời cũng là một trong những trung tâm kinh tế, chính trị, văn hóa và giáo dục quan trọng nhất của Việt Nam. Hiện nay, Thành phố Hồ Chí Minh là thành phố trực thuộc trung ương được xếp loại đô thị đặc biệt của Việt Nam, cùng với thủ đô Hà Nội.[4]\r\n\r\nNằm trong vùng chuyển tiếp giữa Đông Nam Bộ và Tây Nam Bộ, Thành phố Hồ Chí Minh ngày nay có 19 quận và 5 huyện, tổng diện tích 2.095,239 km² [5]. Theo kết quả điều tra dân số chính thức vào thời điểm ngày 1 tháng 4 năm 2009, thì dân số thành phố là 7.162.864 người (chiếm 8,34% dân số Việt Nam), mật độ dân số trung bình 3.419 người/km². Đến năm 2019, dân số thành phố tăng lên 8.993.082 người và cũng là nơi có mật độ dân số cao nhất Việt Nam.[6] Tuy nhiên, nếu tính những người cư trú không đăng ký hộ khẩu thì dân số thực tế của thành phố này năm 2018 là gần 14 triệu người.[7] Giữ vai trò quan trọng bậc nhất trong nền kinh tế Việt Nam, Thành phố Hồ Chí Minh chiếm 21,3% tổng sản phẩm (GDP) và 29,38% tổng thu ngân sách của cả nước.[8][9] Nhờ điều kiện tự nhiên thuận lợi, Thành phố Hồ Chí Minh trở thành một đầu mối giao thông quan trọng của Việt Nam và Đông Nam Á, bao gồm cả đường bộ, đường sắt, đường thủy và đường không. Vào năm 2007, thành phố đón khoảng 3 triệu khách du lịch quốc tế, tức 70% lượng khách vào Việt Nam. Các lĩnh vực giáo dục, truyền thông, thể thao, giải trí, Thành phố Hồ Chí Minh đều giữ vai trò quan trọng bậc nhất.',2095,'TP.Hồ Chí Minh',159.5,8.9,1),(22,'Thái Nguyên là một tỉnh thuộc vùng Đông Bắc Bộ, tỉnh lỵ là thành phố Thái Nguyên, cách trung tâm thủ đô Hà Nội 75 km, và là tỉnh nằm trong Vùng thủ đô Hà Nội.\r\n\r\nNăm 2019, Thái Nguyên là đơn vị hành chính Việt Nam đông thứ 27 về số dân, xếp thứ 17 về Tổng sản phẩm trên địa bàn (GRDP), xếp thứ 12 về GRDP bình quân đầu người, đứng thứ chín về tốc độ tăng trưởng GRDP. GRDP đạt 107.417 tỉ Đồng (tương ứng với 4,6700 tỉ USD), GRDP bình quân đầu người đạt 83.5 triệu đồng (tương ứng với 3.630 USD), tốc độ tăng trưởng GRDP đạt 9%.[2]\r\n\r\nTính đến thời điểm 0h ngày 1/4/2019, dân số tỉnh Thái Nguyên là 1.286.751 người, là tỉnh đông dân thứ 27 toàn quốc và đứng thứ 3 các tỉnh trong vùng Trung du miền núi phía Bắc. Sau 10 năm dân số tỉnh Thái Nguyên tăng 163.635 người, tỷ lệ tăng dân số bình quân là 1,36%/năm.\r\n\r\nTỉnh có 410.267 người cư trú ở khu vực thành thị, chiếm 31,9% tổng dân số; 876.484 người cư trú ở khu vực nông thôn, chiếm 68,1%, tổng dân số của tỉnh. Năm 2019, tỷ lệ dân số sống ở thành thị của tỉnh đứng thứ 18 so với cả nước và đứng đầu trong số các tỉnh Trung du và miền núi phía Bắc, đứng thứ hai trong vùng Thủ đô (chỉ sau TP Hà Nội). Theo kết quả của tổng điều tra dân số nhà ở năm 2019 của Tổng Cục Thống Kê, Thái Nguyên là địa phương đứng thứ 3 cả nước về tỷ lệ sở hữu ô tô cá nhân trên hộ dân với tỷ lệ 10,3% (sau Hà Nội : 12,0% và Đà Nẵng : 10,7%).\r\n\r\nTheo kết quả Chỉ số cải cách hành chính (PCI) năm 2019 của các tỉnh, thành phố, Thái Nguyên xếp vị trí thứ 14/63 với tổng số 83.01 điểm, tăng 4 bậc so với năm 2018. Đứng đầu vùng Trung du miền núi phía Bắc.\r\n\r\nThái Nguyên cùng với Bình Dương, Bắc Ninh, Đồng Nai và Bắc Giang nằm trong nhóm 5 tỉnh thành được các doanh nghiệp đánh giá có cơ sở hạ tầng tốt nhất năm 2019 vừa qua, cũng là những trung tâm công nghiệp lớn trên cả nước.',4,'Thái Nguyên',75,1.28,1),(24,'ew',23,'ewq',12,12,1),(25,'ewqeq',12,'ewq',12,10,1),(26,'eqeq',12,'ewq',12,10,1),(27,'ewqe',23,'ewqeq',34,10,1),(32,'aaa',1,'          ',1,1,1),(33,'fdsfsd',12,'hahaha',12,12,1),(34,'fsd',1,'fs',1,1,1);
/*!40000 ALTER TABLE `city` ENABLE KEYS */;
UNLOCK TABLES;

--
-- Table structure for table `hibernate_sequence`
--

DROP TABLE IF EXISTS `hibernate_sequence`;
/*!40101 SET @saved_cs_client     = @@character_set_client */;
/*!50503 SET character_set_client = utf8mb4 */;
CREATE TABLE `hibernate_sequence` (
  `next_val` bigint DEFAULT NULL
) ENGINE=MyISAM DEFAULT CHARSET=utf8mb4 COLLATE=utf8mb4_0900_ai_ci;
/*!40101 SET character_set_client = @saved_cs_client */;

--
-- Dumping data for table `hibernate_sequence`
--

LOCK TABLES `hibernate_sequence` WRITE;
/*!40000 ALTER TABLE `hibernate_sequence` DISABLE KEYS */;
INSERT INTO `hibernate_sequence` VALUES (37),(37);
/*!40000 ALTER TABLE `hibernate_sequence` ENABLE KEYS */;
UNLOCK TABLES;

--
-- Table structure for table `nation`
--

DROP TABLE IF EXISTS `nation`;
/*!40101 SET @saved_cs_client     = @@character_set_client */;
/*!50503 SET character_set_client = utf8mb4 */;
CREATE TABLE `nation` (
  `id` int NOT NULL,
  `name` varchar(255) DEFAULT NULL,
  PRIMARY KEY (`id`)
) ENGINE=MyISAM DEFAULT CHARSET=utf8mb4 COLLATE=utf8mb4_0900_ai_ci;
/*!40101 SET character_set_client = @saved_cs_client */;

--
-- Dumping data for table `nation`
--

LOCK TABLES `nation` WRITE;
/*!40000 ALTER TABLE `nation` DISABLE KEYS */;
INSERT INTO `nation` VALUES (1,'Việt Nam'),(2,'Trung Quốc'),(3,'English'),(4,'Brazin'),(5,'ThaiLand');
/*!40000 ALTER TABLE `nation` ENABLE KEYS */;
UNLOCK TABLES;
/*!40103 SET TIME_ZONE=@OLD_TIME_ZONE */;

/*!40101 SET SQL_MODE=@OLD_SQL_MODE */;
/*!40014 SET FOREIGN_KEY_CHECKS=@OLD_FOREIGN_KEY_CHECKS */;
/*!40014 SET UNIQUE_CHECKS=@OLD_UNIQUE_CHECKS */;
/*!40101 SET CHARACTER_SET_CLIENT=@OLD_CHARACTER_SET_CLIENT */;
/*!40101 SET CHARACTER_SET_RESULTS=@OLD_CHARACTER_SET_RESULTS */;
/*!40101 SET COLLATION_CONNECTION=@OLD_COLLATION_CONNECTION */;
/*!40111 SET SQL_NOTES=@OLD_SQL_NOTES */;

-- Dump completed on 2020-09-21 14:43:02
